{"cameraMode":{"drawMode":0,"name":"Shaded","section":"Shading Mode"},"sceneLighting":false,"audioPlay":false,"sceneViewState":{"m_AlwaysRefresh":false,"showFog":true,"showSkybox":true,"showFlares":true,"showImageEffects":true,"showParticleSystems":true,"showVisualEffectGraphs":true,"m_FxEnabled":true},"in2DMode":false,"pivot":{"x":19.451494216918947,"y":-1.2593307495117188,"z":0.35307103395462038},"rotation":{"x":-0.05252711474895477,"y":-0.7000997066497803,"z":0.05176271125674248,"w":-0.7102867960929871},"size":12.415709495544434,"orthographic":false}