{"cameraMode":{"drawMode":0,"name":"Shaded","section":"Shading Mode"},"sceneLighting":true,"audioPlay":false,"sceneViewState":{"m_AlwaysRefresh":false,"showFog":true,"showSkybox":true,"showFlares":true,"showImageEffects":true,"showParticleSystems":true,"showVisualEffectGraphs":true,"m_FxEnabled":false},"in2DMode":false,"pivot":{"x":464.7598571777344,"y":375.6099548339844,"z":-43.09807586669922},"rotation":{"x":-0.22928419709205628,"y":-0.00054256955627352,"z":-0.00003989658580394462,"w":-0.9734906554222107},"size":103.07765197753906,"orthographic":false}